Feature,Importance
LotSize,0.18221503256428076
CrimeRate,0.1812883247653747
SquareFeet,0.17653797168673857
YearBuilt,0.15539422866526828
Bathrooms,0.12213652252583328
SchoolRating,0.07928790239273098
Bedrooms,0.057383457432216664
GarageSpaces,0.04575655996755678
